{"cameraMode":{"drawMode":0,"name":"Shaded","section":"Shading Mode"},"sceneLighting":true,"audioPlay":false,"sceneViewState":{"m_AlwaysRefresh":false,"showFog":true,"showSkybox":true,"showFlares":true,"showImageEffects":true,"showParticleSystems":true,"showVisualEffectGraphs":true,"m_FxEnabled":true},"in2DMode":false,"pivot":{"x":15.98019027709961,"y":-2.733175277709961,"z":14.397120475769043},"rotation":{"x":0.11779910326004029,"y":0.42592301964759829,"z":-0.056040648370981219,"w":0.8954160213470459},"size":13.212210655212403,"orthographic":false}