{"cameraMode":{"drawMode":0,"name":"Shaded","section":"Shading Mode"},"sceneLighting":true,"audioPlay":false,"sceneViewState":{"m_AlwaysRefresh":false,"showFog":true,"showSkybox":true,"showFlares":true,"showImageEffects":true,"showParticleSystems":true,"showVisualEffectGraphs":true,"m_FxEnabled":true},"in2DMode":false,"pivot":{"x":15.746780395507813,"y":-2.5396435260772707,"z":3.039680242538452},"rotation":{"x":0.06210127845406532,"y":0.686799168586731,"z":-0.05907506123185158,"w":0.7218835353851318},"size":13.212210655212403,"orthographic":false}